"FS","ll","nr_fs"
"total_model_ll",-208019.064903858,0
"k_1",-480.903233141114,3
"k_2",-355.665361402091,7
"k_3",-223.164142866939,1
"k_4",-166.905927170883,1
