"FS","FS_ll"
1,-209041.216677077
2,-208314.744250442
3,-208153.224073958
4,-208019.064903858
